title,act1,act2,act3,act4,act5
10억,박해일,박희순,신민아,이민기,정유미
18: 우리들의 성장 느와르,이재응,차엽,이익준,사현진,배유람
1987,김윤석,하정우,유해진,김태리,박희순
"1999, 면회",김창환,심희섭,안재홍,김꽃비,최재현
1급기밀,김상경,김옥빈,최무성,최귀화,김병철
1번가의 기적,임창정,하지원,주현,정두홍,이훈
2009 로스트 메모리즈,장동건,나카무라 토오루,서진호,천호진,안길강
26년,진구,한혜진,임슬옹,배수빈,이경영
"3,000",한종훈,헬렌 황,알레한드로 차모로,퀸 김,박효진
4요일,정운택,임예원,이재용,이원재,홍여진
4인용 식탁,박신양,전지현,유선,김여진,정욱
5백만불의 사나이,박진영,조성하,민효린,조희봉,오정세
7광구,하지원,안성기,오지호,박철민,송새벽
7급 공무원,김하늘,강지환,류승룡,장영남,강신일
7번방의 선물,류승룡,박신혜,갈소원,오달수,박원상
8월의 크리스마스,한석규,심은하,신구,오지혜,이한위
가려진 시간,강동원,신은수,이효제,김희원,권해효
가루지기,봉태규,김예원,오달수,윤여정,송재호
가문의 영광,정준호,김민정,유동근,성동일,박상욱
가문의 위기,신현준,김원희,김수미,탁재훈,공형진
가문의 부활,신현준,탁재훈,김원희,김수미,공형진
가문의 수난,김수미,신현준,탁재훈,임형준,정준하
가문의 귀환,정준호,김민정,유동근,성동일,박상욱
가비,주진모,김소연,박희순,유선,조덕현
가슴 달린 남자,박선영,최민수,임채원,윤희정,김미영
가위,김규리,최정윤,하지원,유준상,유지태
가을로,유지태,김지수,엄지원,최종원,박승태
가족의 탄생,문소리,고두심,엄태웅,공효진,김혜옥
각설탕,임수정,박은수,김유정,김기천,권병길
간기남,박희순,박시연,주상욱,김정태,이한위
간신,주지훈,김강우,천호진,임지연,이유영
간첩,김명민,염정아,유해진,변희봉,정겨운
간첩 리철진,유오성,박인환,박진희,정영숙,신하균
간기남,박희순,박시연,주상욱,김정태,이한위
감기,장혁,수애,박민하,유해진,이희준
감시자들,설경구,정우성,한효주,김병옥,진경
강남1970,이민호,김래원,정진영,설현,유승목
강원도의 힘,백종학,오윤홍,김유석,전재현,박현영
강철대오: 구국의 철가방,김인권,유다인,조정석,박철민,권현상
강철비,정우성,곽도원,김갑수,김의성,이경영
개들의 전쟁,김무열,진선규,서동갑,김현정,조민호
개를 훔치는 완벽한 방법,이레,이지원,홍은택,김혜자,최민수
거룩한 계보,정재영,정준호,류승룡,민지환,이문수
거북이 달린다,김윤석,정경호,견미리,선우선,김지나
거울 속으로,유지태,김명민,김혜나,기주봉,김명수
거짓말,김꽃비,전신환,이선희,진희,송유담
건축무한육면각체의 비밀,김태우,신은경,이민우,신성호,고구마
건축학개론,엄태웅,한가인,이제훈,수지,조정석
걷기왕,심은경,박주희,김새벽,허정도,윤지원
걸프렌즈,강혜정,한채영,허이재,배수빈,조은지
검사외전,황정민,강동원,이성민,박성웅,김응수
검은 사제들,김윤석,강동원,박소담,김의성,손종학
검은 집,황정민,유선,강신일,김서형,김정석
게임의 법칙,박중훈,이경영,오연수,이일재,최학락
겨울여자,장미희,강신성일,김추련,신광일,이종만
결정적 한방,유동근,윤진서,김정훈,오광록,차화연
"결혼은, 미친 짓이다",감우성,엄정화,박원상,강소정,윤예리
결혼전야,김강우,김효진,이연희,택연,마동석
경성학교: 사라진 소녀들,박보영,엄지원,박소담,공예지,주보비
고고70,조승우,신민아,차승우,이성민,손경호
고교얄개,이승현,진유영,강주희,김정훈,하명중
고래사냥,김수철,이미숙,안성기,이대근,황건
고死: 피의 중간고사,이범수,윤정희,남규리,김범,손여은
고死 두번째 이야기: 교생실습,김수로,황정음,윤시윤,지연,박은빈
"고산자, 대동여지도",차승원,유준상,김인권,남지현,신동미
고속도로,최재성,조용원,김진아,김정하,이무정
고양이를 부탁해,배두나,이요원,옥고운,이은주,이은실
고지전,신하균,고수,이제훈,류승수,고창석
곡성,곽도원,황정민,쿠니무라 준,천우희,김환희
곤지암,위하준,박지현,오아연,문예원,박성훈
골든 슬럼버,강동원,김의성,한효주,김성균,김대명
공공의 적,설경구,이성재,강신일,김정학,도용구
공공의 적2,설경구,정준호,강신일,박근형,변희봉
강철중: 공공의 적 1-1,설경구,정재영,강신일,문성근,이문식
공동경비구역 JSA,이영애,이병헌,송강호,김태우,신하균
공모자들,임창정,최다니엘,오달수,조윤희,정지윤
공범,손예진,김갑수,임형준,김광규,박주용
공작,황정민,이성민,조진웅,주지훈,김홍파
공정사회,장영남,마동석,황태광,배성우,이재희
공조,현빈,유해진,김주혁,장영남,이동휘
공포의 외인구단,안성기,이보희,최재성,맹상훈,이진영
과속스캔들,차태현,박보영,왕석현,임지규,황우슬혜
관능의 법칙,엄정화,문소리,조민수,이경영,이성민
관상,송강호,이정재,백윤식,조정석,이종석
광복절 특사,설경구,차승원,송윤아,강성진,강신일
광식이 동생 광태,김주혁,봉태규,이요원,김아중,정경호
"광해, 왕이 된 남자",이병헌,류승룡,한효주,김인권,장광
괴물,송강호,변희봉,박해일,배두나,고아성
구르믈 버서난 달처럼,황정민,차승원,한지혜,백성현,김창완
구미호,고소영,정우성,독고영재,방은희,이기영
구미호 가족,주현,박준규,하정우,박시연,고주연
구세주: 리턴즈,최성국,송삼동,김성경,정이연,김보민
구타유발자들,한석규,이문식,오달수,차예련,김시후
국가대표,수애,오달수,오연서,하재숙,김슬기
국가대표 2,수애,오달수,오연서,하재숙,김슬기
국제시장,황정민,김윤진,오달수,정진영,장영남
군도: 민란의 시대,하정우,강동원,이경영,이성민,조진웅
군함도,황정민,소지섭,송중기,이정현,김수안
굿모닝 프레지던트,이순재,장동건,고두심,임하룡,한채영
굿바이 싱글,김혜수,마동석,김현수,김용건,서현진
궁합,심은경,이승기,김상경,연우진,강민혁
귀신이 산다,차승원,장서희,장항선,손태영,진유영
귀여워,김석훈,정재영,예지원,장선우,박선우
귀향,강하나,최리,손숙,황화순,정무성
그것만이 내 세상,이병헌,윤여정,박정민,문숙,최리
그날의 분위기,문채원,유연석,조재윤,박민우,이연두
그녀를 믿지 마세요,김하늘,강동원,송재호,김지영,남수정
그놈 목소리,설경구,김남주,김영철,강동원,송영창
그놈이다,주원,유해진,이유영,류혜영,이준혁
그대를 사랑합니다,이순재,윤소정,송재호,김수미,오달수
그대 안의 블루,안성기,강수연,최유라,김형일,강능원
그때 그 사람들,한석규,백윤식,송재호,김응수,조상건
그림자 살인,황정민,류덕환,엄지원,오달수,윤제문
그물,류승범,이원근,김영민,최귀화,손민석
그해 여름,이병헌,수애,오달수,이세은,정석용
극락도 살인사건,박해일,박솔미,성지루,최주봉,김인문
극비수사,김윤석,유해진,송영창,이정은,장영남
극한직업,류승룡,이하늬,진선규,이동휘,공명
글러브,정재영,유선,강신일,조진웅,김미경
글로리데이,지수,수호,류준열,김희찬,김동완
기담,진구,이동규,김태우,김보경,고주연
기방도령,준호,정소민,최귀화,예지원,공명
기술자들,김우빈,김영철,고창석,이현우,조윤희
기생충,송강호,이선균,조여정,최우식,박소담
기억의 밤,강하늘,김무열,문성근,나영희,남명렬
긴급조치 19호,홍경민,김장훈,공효진,노주현,주영훈
김관장 대 김관장 대 김관장,신현준,최성국,권오중,오승현,노주현
김복남 살인 사건의 전말,서영희,황금희,황화순,박정학,배성우
김종욱 찾기,임수정,공유,천호진,전수경,류승수
까불지마,임유진,김정훈,최불암,오지명,노주현
깡패수업,박중훈,박상민,조은숙,하쿠류,태수길
꽃잎,이정현,문성근,이영란,추상미,설경구
꾼,현빈,유지태,배성우,박성웅,나나
꿈의 제인,이민지,구교환,이주영,박강섭,이석형
끝까지 간다,이선균,조진웅,신정근,정만식,신동미
나가요 미스콜,최종훈,한규리,민송아,태우,유선영
나는 77번 아가씨,정윤희,김희라,하명중,김혜인,김경애
나는 왕이로소이다,주지훈,백윤식,변희봉,박영규,임원희
나를 잊지 말아요,정우성,김하늘,배성우,장영남,조이진
나의 독재자,설경구,박해일,윤제문,이병준,류혜영
나의 사랑 나의 신부(1990),박중훈,최진실,김보연,윤문식,도용구
나의 사랑 나의 신부(2014),조정석,신민아,윤정희,배성우,라미란
나의 절친 악당들,류승범,고준희,류현경,샘 오취리,김응수
나의 PS 파트너,지성,김아중,신소율,강경준,김성오
나쁜남자,조재현,서원,윤이준,최덕문,김정영
나쁜 녀석들: 더 무비,마동석,김상중,김아중,장기용,박효준
나쁜놈은 죽는다,손예진,진백림,신현준,박철민,장광
나쁜 피,윤주,임대일,설지윤,유영채,임형국
나랏말싸미,송강호,박해일,전미선,김준한,차래형
낙동강은 흐르는가,진유영,유영국,김지혜,장혁,이해룡
남과 여,전도연,공유,박병은,이미소,박민지
남극일기,송강호,유지태,김경익,박희순,윤제문
남부군,안성기,최민수,최진실,이혜영,강태기
남영동1985,박원상,이경영,동방우,김의성,서동수
남자가 사랑할 때,황정민,한혜진,남일우,곽도원,정만식
남자사용설명서,이시영,오정세,박영규,김정태,이원종
남쪽으로 튀어,김윤석,오연수,한예리,백승환,박사랑
남한산성,이병헌,김윤석,박해일,고수,박희순
너는 내 운명,전도연,황정민,나문희,정유석,서주희
넘버 3,한석규,최민식,이미연,안석환,박광정
내가 버린 남자,유지인,윤일봉,남능미,이해룡,이경실
내가 살인범이다,정재영,박시후,정해균,김영애,최원영
내 깡패 같은 애인,박중훈,정유미,박원상,정우혁,정인기
내 마음의 풍금,이병헌,전도연,이미연,전무송,최주봉
내 머리속의 지우개,정우성,손예진,백종학,이선진,박상규
내부자들,이병헌,조승우,백윤식,이경영,김홍파
내사랑 내곁에,하지원,김명민,남능미,임하룡,최종률
내 아내의 모든것,임수정,이선균,류승룡,이광수,김효준
내 여자친구를 소개합니다,전지현,장혁,김정태,정호빈,오정세
내 연애의 기억,강예원,송새벽,박그리나,김현준,김영선
노브레싱,서인국,이종석,유리,박철민,박정철
노후 대책 없다,파인더스팟,스컴레이드,반란,이평안,심지훈
녹색의자,진혜경,김도성,박선준,박세인,박승옥
누구나 비밀은 있다,이병헌,최지우,추상미,김효진,선우용여
눈에는 눈 이에는 이,한석규,차승원,송영창,이병준,정인기
늑대소년,송중기,박보영,장영남,유연석,김향기
늑대의 유혹,조한선,강동원,이청아,정다혜,권오민
님은 먼 곳에,수애,정진영,정경호,주진모,신현탁
다세포 소녀,김옥빈,박진우,이켠,박예슬,남호정
다찌마와 리,임원희,이윤성,한승희,안길강,박성빈
닥터 봉,한석규,김혜수,최정,이나리,류태호
"당신, 거기 있어줄래요",김윤석,변요한,채서진,김상호,안세하
달마야 놀자,박신양,정진영,박상면,강성진,김수로
달마야 서울가자,신현준,정진영,이원종,이문식,양진우
달은… 해가 꾸는 꿈,나현희,이승철,송승환,방은희,이기열
달콤한 인생,이병헌,김영철,신민아,김뢰하,이기영
당신의 부탁,임수정,윤찬영,이상희,오미연,서신애
대립군,이정재,여진구,김무열,김명곤,박원상
대배우,오달수,윤제문,이경영,진경,고우림
대한민국 헌법 제1조,예지원,임성민,아니타,김용건,최은주
대호,최민식,정만식,김상호,성유빈,오스기 렌
댄싱퀸,황정민,엄정화,이한위,정성화,라미란
더 게임,신하균,변희봉,이혜영,손현주,이은성
더 킥,조재현,예지원,나태주,태미,지자 야닌
더 킹,조인성,정우성,배성우,김아중,류준열
더 테러 라이브,하정우,이경영,전혜진,이다윗,김소진
더 폰,손현주,엄지원,배성우,노정의,장인섭
덕혜옹주,손예진,박해일,라미란,정상훈,박수영
도가니,공유,정유미,김현수,정인서,백승환
도리화가,류승룡,수지,송새벽,이동휘,안재홍
도마 안중근,유오성,윤주상,정성모,김효섭,심은경
도둑들,김윤석,김혜수,이정재,전지현,임달화
도레미파솔라시도,장근석,차예련,정의철,임주환,한수연
도마뱀,강혜정,조승우,강신일,이재용,정성화
도희야,배두나,김새론,송새벽,김진구,손종학
독전,조진웅,류준열,김주혁,김성령,박해준
돈을 갖고 튀어라,박중훈,정선경,동방우,김승우,박인환
돈 크라이 마미,유선,남보라,유오성,동호,권현상
돈을 갖고 튀어라,박중훈,정선경,동방우,김승우,박인환
돈의 맛,김강우,백윤식,윤여정,김효진,마오이 테일러
돌아와요 부산항애,성훈,조한선,윤소이,공정환,이익준
돌려차기,김동완,현빈,조안,진태현,박지연
돌멩이의 꿈,차인표,김효진,채건,홍수민,김철기
돌아오지 않는 해병,장동휘,최무룡,구봉서,이대엽,전계현
돌연변이,이광수,이천희,박보영,장광,이병준
동감,김하늘,유지태,박용우,하지원,김민주
동갑내기 과외하기,김하늘,권상우,공유,김지우,백일섭
동갑내기 과외하기2,이청아,박기웅,이영하,조달환,윤영삼
동네사람들,마동석,김새론,장광,이상엽,신세휘
동주,강하늘,박정민,김인우,최홍일,김정팔
동창생,T.O.P,한예리,윤제문,조성하,김유정
돼지가 우물에 빠진 날,김의성,박진성,조은숙,이응경,손민석
된장,류승룡,이요원,이동욱,조성하,이용녀
두근두근 내 인생,강동원,송혜교,조성목,백일섭,허준석
두사부일체,정준호,정웅인,정운택,오승은,송선미
디 워,제이슨 베어,아만다 브룩스,크레이그 로빈슨,엘리자베스 페나,로버트 포스터
또 하나의 약속,박철민,윤유선,김규리,박희정,유세형
똑바로 살아라,대니 에일로,오시 데이비스,루비 디,리처드 에드슨,지안카를로 에스포지토
똥개,정우성,김갑수,엄지원,김정태,양중경
똥파리,양익준,김꽃비,이환,박정순,이승연
뚫어야 산다,박광현,박예진,전무송,양택조,조형기
라디오 스타,박중훈,안성기,최정윤,노브레인,이성우
라라,정채연,San E,치 푸,최종남,진주형
라스트 갓파더,심형래,하비 케이틀,마이클 리스폴리,제이슨 미웨스,조셀린 도나휴
라이터를 켜라,김승우,차승원,박영규,강성진,이문식
럭키,유해진,이준,조윤희,임지연,조한철
런닝맨,신하균,이태리,김상호,조은지,오정세
레드슈즈,클로이 모레츠,샘 클라플린,지나 거손,패트릭 워버튼,짐 래쉬
레드 아이,장신영,송일국,이얼,이동규,김혜나
레슬러,유해진,김민재,이성경,나문희,성동일
로니를 찾아서,유준상,로빈 쉬엑,박영서,이마붑,의현
로마서 8:37,이현호,서동갑,이지민,조성우,허연정
"로봇, 소리",이성민,이희준,이하늬,김원해,채수빈
롤러코스터,정경호,한성천,김재화,최규환,김기천
루시드 드림,고수,설경구,박유천,강혜정,박인환
리얼,김수현,이성민,성동일,최진리,조우진
마고,김도연,김수연,이은미,윤미지,권유진
마녀,김다미,조민수,박희순,최우식,고민시
마담 뺑덕,정우성,이솜,박소영,김희원,김남진
마더,김혜자,원빈,진구,윤제문,전미선
마돈나,서영희,권소현,김영민,변요한,고서희
마스터,이병헌,강동원,김우빈,엄지원,오달수
마약왕,송강호,조정석,배두나,김소진,김대명
마유미,김서라,이학재,강신성일,조지 케네디,오시다 레이코
마음이...,유승호,달이,김향기,안길강,코마
마이웨이,장동건,오다기리 죠,판빙빙,김인권,김희원
마이 파더,김영철,다니엘 헤니,안석환,김인권,최종률
마파도,이정진,이문식,여운계,김수미,김을동
만남의광장,임창정,박진희,임현식,이대로,이한위
만추,현빈,탕웨이,제임스 C. 번스,김준성,존 우
말아톤,조승우,김미숙,이기영,백성현,안내상
말죽거리 잔혹사,권상우,이정진,한가인,김인권,박효준
멋진 하루,전도연,하정우,김혜옥,김중기,김영민
명량,최민식,류승룡,조진웅,진구,이정현
맨데이트: 신이 주신 임무,재희,유다인,심원철,이상훈,진태이
맨발의 기봉이,신현준,김수미,임하룡,탁재훈,김효진
맨홀,정경호,정유미,김새론,최덕문,조달환
메소드(영화),박성웅,윤승아,오승훈,류태호,김범준
모노폴리,양동근,김성수,윤지민,정성모,임종윤
목숨 건 연애,하지원,천정명,진백림,오정세,윤소희
목포는 항구다,조재현,차인표,송선미,손병호,박철민
몬스터,이민기,김고은,김뢰하,안서현,김부선
무뢰한,전도연,김남길,박성웅,곽도원,김민재
무방비도시,김명민,손예진,김해숙,손병호,심지호
무사,안성기,정우성,주진모,장쯔이,우영광
무서운 이야기,임슬옹,경수진,박정민,홍은희,차지연
무서운 이야기 2,성준,이수혁,백진희,김슬기,정인선
무서운 이야기 3,임슬옹,경수진,박정민,홍은희,차지연
무수단,이지아,김민준,도지한,김동영,오종혁
무영검,이서진,윤소이,이기용,신현준,조원희
미나 문방구,최강희,봉태규,주진모,정규수,김원해
미녀는 괴로워,주진모,김아중,성동일,김현숙,임현식
미술관 옆 동물원,심은하,안성기,이성재,송선미,김광일
미스터 고,성동일,서교,김희원,김정태,김응수
미스터 소크라테스,김래원,강신일,이종혁,윤태영,박성웅
미쓰 백,한지민,김시아,이희준,권소현,백수장
미쓰 와이프,엄정화,송승헌,김상호,라미란,서신애
미씽: 사라진 여자,엄지원,공효진,김희원,박해준,서하늬
미워도 다시한번,신영균,문희,전계현,박암,김신명
미인,오지호,이지현,조경한,조종욱,박성민
미인도,김규리,김영호,김남길,추자현,한명구
미확인 동영상: 절대클릭금지,박보영,주원,강별,이맑음,강해인
밀양(영화),전도연,송강호,조영진,김영재,선정엽
밀정,송강호,공유,한지민,엄태구,신성록
바람,정우,황정음,손호준,권재현,양기원
바람과 함께 사라지다,차태현,오지호,민효린,성동일,신정근
바람난 가족,문소리,황정민,윤여정,김인문,봉태규
바람 바람 바람,이성민,신하균,송지효,이엘,장영남
바람의 파이터,양동근,히라야마 아야,정태우,가토 마사야,정두홍
바람 피기 좋은 날,김혜수,윤진서,이종혁,이민기,박혁권
바르게 살자,정재영,손병호,이영은,고창석,이철민
바보,차태현,하지원,박희순,박그리나,이기영
바비,이천희,김새론,김아론,캣 테보,조용석
바이오맨,박중훈,신미아,신우철,남성훈,현길수
박수건달,박신양,김정태,엄지원,정혜영,김성균
박수칠 때 떠나라,차승원,신하균,신구,정동환,김진태
박열,이제훈,최희서,김인우,야마노우치 타스쿠,요코우치 히로키
박쥐,송강호,김옥빈,김해숙,신하균,박인환
박하 사탕,설경구,문소리,김여진,박세범,서정
반가운 살인자,유오성,김동욱,심은경,김응수,김선혁
반두비,이마붑,백진희,이일화,박혁권,정동규
반창꼬,고수,한효주,마동석,김성오,현쥬니
반칙왕,송강호,장진영,박상면,정웅인,송영창
밤섬해적단 서울불바다,권용만,장성건,회기동 단편선,박정근,김종훈
밤의 여왕,김민정,천정명,김기방,이미도,이주원
방울토마토,신구,김향기,김병춘,최지연,최동균
방자전,김주혁,류승범,조여정,류현경,오달수
방황하는 칼날,정재영,이성민,서준영,이수빈,이주승
배우는 배우다,이준,서영희,강신효,경성환,민지오
백야,미하일 바리시니코프,그레고리 하인즈,이사벨라 로셀리니,예르지 스콜리모브스키,헬렌 미렌
백야행 - 하얀 어둠 속을 걷다,한석규,손예진,고수,이민정,박성웅
번지점프를 하다,이병헌,이은주,여현수,홍수현,전미선
범죄도시,마동석,윤계상,조재윤,최귀화,임형준
범죄와의 전쟁: 나쁜놈들 전성시대,최민식,하정우,조진웅,마동석,곽도원
범죄의 여왕,박지영,조복래,김대현,허정도,백수장
범죄의 재구성,박신양,백윤식,염정아,이문식,천호진
베를린,하정우,한석규,류승범,전지현,이경영
베스트셀러,엄정화,류승룡,이도경,조진웅,이성민
베테랑,황정민,유아인,유해진,오달수,장윤주
변호인,송강호,김영애,오달수,곽도원,임시완
보안관,이성민,조진웅,김성균,김종수,조우진
보통사람,손현주,장혁,김상호,조달환,지승현
복면달호,차태현,임채무,이소연,정석용,이병준
복수는 나의 것,송강호,신하균,배두나,임지은,한보배
봄날은 간다,유지태,이영애,백성희,박인환,신신애
봉이 김선달,유승호,조재현,고창석,라미란,시우민
봉자,서갑숙,심이영,김일우,최대웅,민경진
부당거래,황정민,류승범,유해진,천호진,마동석
부라더,마동석,이동휘,이하늬,송영창,조우진
부러진 화살,안성기,박원상,나영희,김지호,문성근
부산행,공유,정유미,마동석,김수안,김의성
분노의 윤리학,이제훈,조진웅,김태훈,곽도원,문소리
불꽃처럼 나비처럼,조승우,수애,천호진,최재웅,김영민
불신지옥,남상미,류승룡,김보연,심은경,문희경
불한당: 나쁜 놈들의 세상,설경구,임시완,김희원,전혜진,이경영
뷰티풀 선데이,박용우,남궁민,왕지혜,이기영,김동하
뷰티 인사이드,한효주,김대명,도지한,배성우,박신혜
브라보 마이 라이프,백윤식,임하룡,박준규,임병기,이소연
블라인드,김하늘,유승호,조희봉,양영조,김미경
비밀은 없다,손예진,김주혁,김소희,최유화,신지훈
비스티 보이즈,윤계상,하정우,윤진서,김민주,마동석
비열한 거리,조인성,천호진,남궁민,이보영,진구
비천무,신현준,김희선,정진영,장동직,이한갈
빅매치,이정재,신하균,이성민,보아,김의성
빨간마후라,비,유준상,신세경,김성수,이하나
뺑반,공효진,류준열,조정석,염정아,전혜진
뻐꾸기도 밤에 우는가,이대근,정윤희,김신재,윤양하,박예숙
사과,문소리,김태우,이선균,주진모,강래연
사냥,안성기,조진웅,한예리,권율,박병은
사도,송강호,유아인,문근영,전혜진,김해숙
사랑니(영화),김정은,이태성,김영재,정유미,최반야
사랑방 손님과 어머니,최은희,전영선,김진규,한은진,도금봉
사랑하기 때문에,차태현,김유정,서현진,임주환,김윤혜
사랑하는 사람아,정윤희,한진희,김민희,김진규,사미자
사생결단,류승범,황정민,김희라,추자현,이도경
산상수훈,백서빈,안순동,탁우석,설준수,오경원
살인의 추억,송강호,김상경,김뢰하,송재호,변희봉
살인의뢰,김상경,김성균,박성웅,조재윤,김의성
살인자,마동석,안도규,김현수,김민서,김혜나
살인자의 기억법,설경구,김남길,설현,오달수,황석정
삼거리극장,김꽃비,천호진,박준면,조희봉,박영수
삼인조,이경영,김민종,정선경,도금봉,장용
상류사회,박해일,수애,윤제문,라미란,이진욱
상의원,한석규,고수,박신혜,유연석,마동석
색즉시공,임창정,하지원,최성국,유채영,정민
생과부 위자료 청구소송,안성기,문성근,황신혜,심혜진,박웅
생활의 발견,김상경,추상미,예지원,김학선,전국향
서부전선,설경구,여진구,이경영,정성화,정인기
서양골동양과자점 앤티크,주지훈,김재욱,유아인,최지호,앤디 질렛
서편제,김명곤,오정해,김규철,신새길,안병경
석조저택 살인사건,고수,김주혁,문성근,박성웅,임화영
선데이서울,봉태규,이청아,고은아,박성빈,김수현
선생 김봉두,차승원,변희봉,성지루,이재응,최민주
설국열차,크리스 에반스,송강호,에드 해리스,존 허트,틸다 스윈튼
섬. 사라진 사람들,박효주,배성우,이현욱,류준열,금동현
성난 변호사,이선균,김고은,임원희,장현성,김윤혜
성냥팔이 소녀의 재림,임은경,현성,김진표,진싱,동방우
성실한 나라의 앨리스,이정현,이해영,서영화,동방우,이준혁
세기말,김갑수,이재은,차승원,이호재,안석환
세븐 데이즈,김윤진,김미숙,박희순,최무성,장항선
소공녀,이솜,안재홍,강진아,김국희,이성욱
소름,김명민,장진영,기주봉,조안,김기천
소셜포비아,변요한,이주승,류준열,하윤경,유대형
소수의견,윤계상,유해진,김옥빈,이경영,김의성
소원,설경구,엄지원,이레,김해숙,김상호
수상한 그녀,심은경,나문희,박인환,성동일,이진욱
수색역,맹세창,공명,이태환,이진성,김기현
순수의 시대,신하균,장혁,강한나,강하늘,손병호
순정,디오,김소현,연준석,이다윗,주다영
숨바꼭질,손현주,문정희,전미선,김원해,정준원
쉿! 그녀에겐 비밀이에요,김규리,리키 김,전원주,박용식,황효은
슈팅걸스,정웅인,이비안,정예진,정지혜,윤주희
슈퍼스타 감사용,이범수,윤진서,류승수,이혁재,김수미
스물,김우빈,준호,강하늘,정소민,이유비
스승의 은혜,오미희,서영희,여현수,이지현,박효준
스카우트,임창정,엄지원,박철민,이대연,백일섭
스캔들 - 조선남녀상열지사,배용준,이미숙,전도연,조현재,이소연
스타박'스 다방,백성현,이상아,서신애,이정구,신원호
스플릿,유지태,이정현,이다윗,정성화,권해효
슬로우 비디오,차태현,남상미,오달수,고창석,진경
쉬리,한석규,최민식,송강호,김윤진,윤주상
슈퍼맨이었던 사나이,황정민,전지현,진지희,김태성,도용구
시간이탈자,임수정,조정석,이진욱,정진영,이기우
"시발, 놈 - 인류의 시작",손이용,김보리,백승기,영건,장우진
시라노;연애 조작단,엄태웅,이민정,최다니엘,박신혜,박철민
시실리 2km,임창정,권오중,임은경,변희봉,박명신
시월애,이정재,전지현,김무생,조승연,민윤재
식객,김강우,임원희,이하나,정은표,김상호
식객: 김치전쟁,김정은,진구,왕지혜,최종원,이보희
신과함께,하정우,주지훈,김향기,마동석,김동욱
신과함께-죄와 벌,하정우,차태현,주지훈,김향기,김동욱
신과함께-인과 연,하정우,주지훈,김향기,마동석,김동욱
신기전,정재영,한은정,허준호,안성기,정성모
신데렐라,사문영,김혜성,남도형,시영준,김경희
신라의 달밤,이성재,차승원,김혜수,이종수,이원종
신세계,이정재,최민식,황정민,박성웅,송지효
신장 개업,김승우,진희경,박상면,이범수,김영호
신의 한 수,권상우,김희원,김성균,허성태,우도환
실미도,설경구,안성기,허준호,정재영,임원희
실종,문성근,추자현,전세현,오성수,남문철
실종: 사라진 아내,정겨운,윤아민,이재용,한유림,주환
심야의 FM,수애,유지태,마동석,정만식,최송현
싱글라이더,이병헌,공효진,안소희,잭 캠벨,양유진
싱글즈,장진영,이범수,엄정화,김주혁,오지혜
싸울아비,최재성,에노키 다카아키,우메미야 마사코,카츠노 히로시,차진욱
싸움,설경구,김태희,서태화,전수경,강혜련
싸움의 기술,백윤식,재희,김응수,최여진,박원상
싸이보그지만 괜찮아,정지훈,임수정,최희진,이용녀,유호정
쌍화점,조인성,주진모,송지효,심지호,임주환
써니,유호정,심은경,강소라,고수희,김민영
썸머타임,김지현,류수영,최철호,안병경,송옥숙
쎄시봉,정우,김윤석,한효주,김희애,진구
쏜다,감우성,김수로,강성진,장항선,김영옥
아가씨,김민희,김태리,하정우,조진웅,김해숙
아기와 나,장근석,문 메이슨,송하윤,고규필,최재환
아내가 결혼했다,손예진,김주혁,주상욱,김병춘,천성훈
아는 여자,정재영,이나영,장영남,오승현,정규수
아들,차승원,류덕환,김지영,이상훈,이문수
아라한 장풍대작전,류승범,윤소이,안성기,윤주상,김지영
아벤고 공수군단,신일룡,남궁원,정윤희,윤양하,남포동
아부의 왕,송새벽,성동일,이병준,김성령,고창석
아수라,정우성,황정민,주지훈,곽도원,정만식
아이들…,박용우,류승룡,성동일,성지루,김여진
아이 캔 스피크,나문희,이제훈,박철민,염혜란,이상희
아저씨,원빈,김새론,김태훈,김희원,김성오
아프리카,이요원,김규리,이영진,조은지,이제락
아홉살 인생,김석,이세영,나아현,김명재,정선경
악녀,김옥빈,신하균,성준,김서형,조은지
악마를 보았다,이병헌,최민식,전국환,천호진,오산하
악어,조재현,전무송,안재홍,우윤경,양동재
악의 연대기,손현주,마동석,최다니엘,박서준,정원중
안녕 형아,박지빈,배종옥,박원상,서대한,최우혁
안시성,조인성,남주혁,박성웅,배성우,엄태구
알바트로스,차인표,이정재,이휘재,강리나,전무송
알 포인트,감우성,손병호,박원상,오태경,이선균
암살,전지현,이정재,하정우,오달수,조진웅
애자,최강희,김영애,배수빈,최일화,성병숙
앨리스 원더랜드에서 온 소년,홍종현,정소민,정연주,이승연,박현숙
앵무새 몸으로 울었다,황해,최윤석,정윤희,김형자,마영달
어깨동무,유동근,이성진,이문식,최령,조미령
어린 신부,김래원,문근영,김인문,한진희,김혜옥
얼굴,조재현,전진아,임하룡,김화성,김주미
여고괴담 시리즈,김서형,김현수,최리,권해효,장원형
여고괴담,김서형,김현수,최리,권해효,장원형
여고괴담 두번째 이야기,김규리,박예진,이영진,공효진,김재인
여고괴담 3 - 여우 계단,송지효,박한별,조안,박지연,이지형
여고괴담 4 - 목소리,김옥빈,서지혜,차예련,김서형,임현경
여고생 시집가기,임은경,은지원,임성언,심이영,박노식
여곡성,서영희,손나은,이태리,박민지,최홍일
여로(영화),김문희,심형래,최길호,여운계,김경란
여배우들,윤여정,이미숙,고현정,최지우,김민희
여선생 VS 여제자,염정아,이세영,이지훈,변희봉,나문희
여왕벌,이혜영,조용원,이주성,황석현,이진선
여자들,키리타니 미레이,후지이 미나,타카하타 미츠키,아리무라 카스미,야마모토 미즈키
여중생A,김환희,수호,이종혁,정다빈,유재상
역린,현빈,정재영,조정석,조재현,한지민
연가시,김명민,문정희,김동완,이하늬,엄지성
연애의 목적,박해일,강혜정,이대연,박그리나,박준명
연애의 온도,이민기,김민희,최무성,라미란,하연수
연평해전,김무열,진구,이현우,김지훈,장준학
연풍연가,고소영,장동건,박진희,김정학,이영란
열정같은소리하고있네,정재영,박보영,배성우,류현경,진경
열한번째 엄마,김혜수,김영찬,류승룡,황정민,김지영
열한시,정재영,최다니엘,김옥빈,이대연,박철민
염력,류승룡,심은경,박정민,김민재,정유미
엽기적인 그녀,차태현,빅토리아,배성우,후지이 미나,최진호
엽기적인 그녀 2,차태현,빅토리아,배성우,후지이 미나,최진호
예의없는 것들,신하균,윤지혜,강산,박길수,박충선
오감도,장혁,차현정,김강우,차수연,배종옥
오늘의 연애,이승기,문채원,이서진,정준영,고윤
오빠생각,임시완,고아성,이희준,이준혁,정준원
오! 브라더스,이정재,이범수,이문식,류승수,김준희
오! 수정,이은주,정보석,문성근,이황의,김영대
오! 해피데이,장나라,박정철,장항선,김해숙,정다혜
오 꿈의 나라,권인찬,김경선,김선경,김현주,박충선
오로라 공주,엄정화,문성근,권오중,최종원,현영
오싹한 연애,손예진,이민기,박철민,김현숙,이미도
오아시스,설경구,문소리,안내상,류승완,손병호
옥자,틸다 스윈튼,폴 다노,안서현,변희봉,스티븐 연
올가미,윤소정,최지우,박용우,문수진,이승우
올드마린보이,박명호,김순희,박철준,박철훈,김완래
올드보이,최민식,유지태,강혜정,김병옥,오달수
와이키키 브라더스,이얼,박원상,황정민,오광록,오지혜
와일드 카드,정진영,양동근,한채영,기주봉,김명국
완득이,김윤석,유아인,박수영,이자스민,김상호
완벽한 파트너,김영호,김혜선,김산호,윤채이,정주희
왕의 남자,감우성,정진영,강성연,이준기,장항선
용서받지 못한 자,하정우,서장원,윤종빈,임현성,한성천
용의자,공유,박희순,조성하,유다인,김성균
용의자X,류승범,이요원,조진웅,김윤성,김보라
우는 남자,장동건,김민희,브라이언 티,김희원,김준성
우뢰매,심형래,천은경,장인한,안대욱,유민
우리들,최수인,설혜인,이서연,강민준,김희준
우리들의 일그러진 영웅,홍경인,고정일,최민식,태민영,이진선
우리들의 행복한 시간,강동원,이나영,윤여정,강신일,정영숙
우리 생애 최고의 순간,문소리,김정은,엄태웅,김지영,조은지
우리에게 내일은 없다,워렌 비티,페이 더너웨이,마이클 J. 폴라드,덴버 파일,진 와일더
우리 이웃의 범죄,신현준,왕희지,전노민,이기우,조상연
우리 형,원빈,신하균,김해숙,이보영,정호빈
우아한 거짓말,김희애,고아성,김유정,김향기,유아인
우아한 세계,송강호,오달수,최일화,윤제문,박지영
우주의 크리스마스,김지수,허이재,심은진,윤소미,장경업
울지 않으리,이승현,박지훈,김영숙,황해,이영옥
울학교 이티,김수로,이한위,백성현,박보영,이민호
워낭소리,최원균,이삼순,최노인의 소,김민자,최소두
원스 어폰 어 타임,박용우,이보영,김수현,성동일,김응수
웨딩드레스,송윤아,김향기,김명국,전미선,김여진
웰컴 투 동막골,정재영,신하균,강혜정,임하룡,서재경
위대한 소원,류덕환,김동영,안재홍,전노민,전미선
위대한 유산,임창정,김선아,김수미,이상훈,신이
유감스러운 도시,정준호,정웅인,정운택,박상민,김상중
유령,최민수,정우성,윤주상,손병호,고동업
유리정원,문근영,김태훈,서태화,임정운,박지수
육체의 약속,이정길,김지미,박암,박정자,조재성
육혈포 강도단,나문희,김수미,김혜옥,임창정,김희원
은교,박해일,김무열,김고은,정만식,박철현
은밀하게 위대하게,김수현,박기웅,이현우,손현주,박혜숙
은하해방전선,임지규,박혁권,서영주,박미현,정승길
은행나무 침대,한석규,심혜진,진희경,신현준,김학철
의뢰인,하정우,박희순,장혁,성동일,김성령
의형제,송강호,강동원,전국환,박혁권,윤희석
이것이 우리의 끝이다,공명,유영,신재하,김희연,안재민
이끼,정재영,박해일,유준상,유선,허준호
이리,윤진서,엄태웅,유영규,모하메드 자노,고울훤
이별계약,펑위옌,바이바이허,장경부,우페이츠,린메이슈
이웃사람,김윤진,마동석,천호진,김성균,김새론
이웃집 좀비,영건,류훈,김여진,배용근,하은정
이장과 군수,차승원,유해진,변희봉,최정원,배일집
이층의 악당,한석규,김혜수,지우,김기천,이용녀
이태원 살인 사건,정진영,장근석,신승환,오광록,고창석
인디안 썸머,박신양,이미연,장용,한명구,손병호
인류멸망보고서,류승범,송새벽,김강우,송영창,김규리
인정사정 볼 것 없다,박중훈,안성기,장동건,최지우,도용구
인천상륙작전,이정재,이범수,리암 니슨,진세연,정준호
인사동 스캔들,김래원,엄정화,임하룡,홍수현,김정태
인어공주,린 어벌조노이스,버디 해킷,크리스토퍼 다니엘 반즈,조디 벤슨,케네스 마스
인터뷰,이정재,심은하,조재현,권민중,김정현
임금님의 사건수첩,이선균,안재홍,김희원,경수진,정해인
일대일,마동석,김영민,이이경,조동인,테오
일진,이승용,변준우,송민경,오민준,지웅배
자녀목,원미경,김용선,박정자,김희라,전무송
자카르타,김상중,윤다훈,임창정,진희경,이재은
자칼이 온다,송지효,김재중,오달수,김성령,한상진
작전,박용하,김민정,박희순,김무열,조덕현
잘 살아보세,이범수,김정은,변희봉,전미선,안내상
잘 알지도 못하면서,김태우,엄지원,고현정,공형진,정유미
잠복근무,김선아,공유,남상미,하정우,노주현
장군의 아들,박상민,신현준,이일재,김형일,민응식
"장화, 홍련",임수정,염정아,김갑수,문근영,박미현
재밌는 영화,김수로,임원희,김정은,서태화,김인문
재심,정우,강하늘,김해숙,이동휘,한재영
적도의 꽃,안성기,장미희,신일룡,나영희,남궁원
전국 노래자랑,김인권,류현경,김수미,오광록,유연석
전설의 고향,박신혜,양금석,박명신,양진우,안미나
전설의 주먹,황정민,유준상,이요원,윤제문,정웅인
전우치,강동원,김윤석,임수정,유해진,송영창
접속,한석규,전도연,박용수,추상미,김태우
젓가락,하연주,박무영,김현기,이수근,정지윤
정글쥬스,장혁,이범수,손창민,전혜진,김만
"제니, 주노",박민지,김혜성,임동진,김자옥,강남길
제보자,박해일,유연석,이경영,박원상,류현경
제5의 사나이,정보석,심혜진,정낙희,이덕근,정승화
젝스키스 에이틴,은지원,이재진,장수원,김재덕,강성훈
조선마술사,유승호,고아라,이경영,조윤희,곽도원
조선명탐정: 각시투구꽃의 비밀,김명민,오달수,한지민,이재용,우현
조선명탐정: 사라진 놉의 딸,김명민,오달수,이연희,조관우,정원중
조선명탐정: 흡혈괴마의 비밀,김명민,오달수,김지원,김범,박근형
조선미녀삼총사,하지원,강예원,가인,고창석,주상욱
조용한 가족,박인환,나문희,최민식,송강호,이윤성
조작된 도시,지창욱,심은경,안재홍,오정세,김상호
족구왕,안재홍,황승언,정우식,강봉성,황미영
"좋은 놈, 나쁜 놈, 이상한 놈",송강호,이병헌,정우성,윤제문,류승수
주글래 살래,김승현,곽진영,박남현,조상구,서진호
주먹이 운다,최민식,류승범,임원희,변희봉,나문희
주유소 습격사건,이성재,유오성,강성진,유지태,박영규
주홍글씨,한석규,이은주,성현아,엄지원,김진근
죽거나 혹은 나쁘거나,류승완,박성빈,류승범,배중식,김수현
죽여주는 여자,윤여정,전무송,윤계상,안아주,박규채
중독노래방,이문식,배소은,김나미,미스터팡,동방우
중천,정우성,김태희,허준호,박상욱,소이현
즐거운 인생,정진영,김윤석,김상호,장근석,김호정
증발(영화),김희라,조지 타케이,강리나,강신성일,민복기
지구를 지켜라,신하균,백윤식,황정민,이재용,이주현
지금은맞고그때는틀리다,정재영,김민희,윤여정,기주봉,최화정
지금 만나러 갑니다,소지섭,손예진,김지환,고창석,이유진
지슬: 끝나지 않은 세월 2,이경준,홍상표,문석범,양정원,박순동
직지코드,데이빗 레드먼,명사랑 아네스,김민웅,박종기,윤은숙
집으로 가는 길,전도연,고수,류태호,배성우,강지우
집행자,조재현,윤계상,박인환,차수연,김재건
짝패,류승완,정두홍,이범수,정석용,안길강
짱,차인표,홍경인,송윤아,서태화,박용식
찌라시: 위험한 소문,김강우,정진영,고창석,박성웅,박원상
찍히면 죽는다,강성민,박은혜,정민,안재환,최현
차우,엄태웅,정유미,장항선,윤제문,박혁권
차이나 타운,김혜수,김고은,엄태구,박보검,고경표
차형사,강지환,성유리,이수혁,김영광,신민철
창공으로,정준,김보경,김정학,강성민,신국
챔피언(영화),마동석,권율,한예리,최승훈,옥예린
챔피언 마빡이,정종철,박준형,한결,오지헌,양화연
천국의 계단(영화),이아로,안성기,박찬환,송영창,전무송
천국의 우편배달부,김재중,한효주,신구,김창완,주진모
천군,박중훈,김승우,황정민,공효진,김승철
천안함 프로젝트,강신일,승의열,이계영,이한일,손경원
천하장사 마돈나,류덕환,김윤석,문세윤,이언,박영서
철암계곡의 혈투,이무생,윤상화,최지은,조영진,곽자형
청년경찰,박서준,강하늘,성동일,박하선,고준
청담보살,박예진,임창정,김희원,서영희,서유정
청연,장진영,김주혁,유민,한지민,진태현
체인지,정준,김소연,이경영,이승연,이영준
체포왕,박중훈,이선균,이성민,김정태,최덕문
초능력자,강동원,고수,정은채,윤다경,최덕문
초록물고기,한석규,심혜진,문성근,명계남,김용만
초인,채서진,김정현,서영화,신우희,김민석
최강 로맨스,이동욱,현영,이정헌,전수경,정재진
최악의 하루,한예리,이와세 료,권율,이승연,최유화
최종병기 활,박해일,류승룡,김무열,문채원,이한위
최후의 증인,하명중,정윤희,최불암,현길수,한혜숙
추격자,김윤석,하정우,서영희,구본웅,김유정
춘몽,한예리,양익준,박정범,윤종빈,이주영
춘향뎐,이효정,조승우,이정헌,김성녀,김학용
출국,이범수,연우진,박혁권,박주미,이현정
치외법권,임창정,최다니엘,임은경,장광,이경영
친구,유오성,주진모,김우빈,장영남,정호빈
친구2,유오성,주진모,김우빈,장영남,정호빈
친절한 금자씨,이영애,최민식,권예영,김시후,남일우
카운트 다운,정재영,전도연,이경영,오만석,정만식
카트,염정아,문정희,김영애,김강우,디오
카페 느와르,신하균,문정희,김혜나,정유미,이성민
코리아,하지원,배두나,한예리,최윤영,박철민
퀵,이민기,강예원,김인권,고창석,주진모
크로싱,차인표,신명철,주다영,서영화,정인기
클래식,손예진,조승우,조인성,이기우,서영희
클레멘타인,이동준,김혜리,스티븐 시걸,은서우,기주봉
키다리 아저씨,하지원,연정훈,신이,김정난,정준하
킬리만자로,박신양,안성기,정은표,최선중,김승철
킬러들의 수다,신현준,정재영,신하균,원빈,정진영
킹콩을 들다,이범수,조안,이윤회,최희서,전보미
타워,설경구,손예진,김상경,김인권,안성기
타짜,박정민,류승범,최유화,우현,윤제문
타짜: 신의 손,T.O.P,신세경,곽도원,이하늬,유해진
타짜: 원 아이드 잭,박정민,류승범,최유화,우현,윤제문
타투,송일국,윤주희,권현상,서영,이호열
탐정: 더 비기닝,권상우,성동일,서영희,박해준,이승준
탐정: 리턴즈,권상우,성동일,이광수,서영희,남명렬
탐정 홍길동: 사라진 마을,이제훈,김성균,박근형,정성화,노정의
터널,하정우,배두나,오달수,정석용,박혁권
터널 3D,정유미,연우진,송재림,정시연,손병호
태극기 휘날리며,장동건,원빈,이은주,공형진,장민호
태백산맥,안성기,김명곤,김갑수,오정해,신현준
태풍,장동건,이정재,이미연,김갑수,데이비드 맥기니스
택시운전사,송강호,토마스 크레취만,유해진,류준열,박혁권
톱스타,엄태웅,김민준,소이현,김수로,이준혁
퇴마록,안성기,신현준,추상미,오현철,곽근아
투 가이즈,박중훈,차태현,한은정,정흥채,김구택
투캅스,안성기,박중훈,지수원,김혜옥,김보성
투혼,김주혁,김선아,오재무,전민서,박철민
튜브,김석훈,배두나,박상민,손병호,임현식
트럭,유해진,진구,이준하,김준배,장준녕
트릭,이정진,강예원,김태훈,이희진,양희명
특별수사: 사형수의 편지,김명민,김상호,성동일,김영애,김향기
특별시민,최민식,곽도원,심은경,문소리,라미란
특종: 량첸살인기,조정석,이미숙,이하나,김의성,배성우
타클라마칸,조성하,하윤경,송은지,공상아,장봉수
파괴된 사나이(영화),김명민,엄기준,박주미,김소현,이병준
파란나비효과,배미영,이수미,김정숙,이희동,배정하
파송송 계란탁,임창정,이인성,이상훈,맹상훈,엄수정
파수꾼(영화),이제훈,서준영,박정민,조성하,이초희
파이란,최민식,장백지,손병호,공형진,김지영
파파로티,한석규,이제훈,오달수,강소라,조진웅
판도라,김남길,김주현,정진영,김영애,문정희
패션왕,주원,최진리,안재현,박세영,김성오
퍼펙트 게임,조승우,양동근,최정원,마동석,조진웅
페이스메이커,김명민,안성기,고아라,최태준,조희봉
평양성,정진영,이문식,류승룡,윤제문,선우선
평화의 시대,H.O.T.,강타,문희준,장우혁,토니 안
포화속으로,차승원,권상우,T.O.P,김승우,김혜성
폭력의 씨앗,이가섭,정재윤,소이,박성일,오규철
폭력써클,정경호,이태성,장희진,연제욱,김혜성
폭풍전야,김남길,황우슬혜,정윤민,윤제문,오혜석
표적,류승룡,유준상,이진욱,김성령,조여정
푸른소금,송강호,신세경,천정명,이종혁,김민준
품행제로,류승범,임은경,공효진,김광일,봉태규
프리즌,한석규,김래원,강신일,이경영,김성균
플란다스의 개,이성재,배두나,변희봉,김호정,김뢰하
플랜맨,정재영,한지민,장광,김지영,차예련
피끓는 청춘,박보영,이종석,이세영,김영광,권해효
피도 눈물도 없이,전도연,이혜영,정재영,류승범,신구
하루,김명민,변요한,유재명,조은형,신혜선
하류인생,조승우,김규리,김학준,유하준,기정수
하면 된다,안석환,송옥숙,박상면,박진희,정준
하모니,김윤진,나문희,강예원,이다희,장영남
하얀전쟁,안성기,이경영,심혜진,독고영재,김세준
하울링,송강호,이나영,신정근,이성민,임현성
하이힐,차승원,오정세,이솜,송영창,김응수
하하하,김상경,유준상,문소리,예지원,김강우
한공주,천우희,정인선,김소영,이영란,권범택
한반도,조재현,차인표,안성기,문성근,강신일
할렐루야,박중훈,이경영,성현아,이제니,최종원
함정,마동석,조한선,김민경,지안,강승완
해가 서쪽에서 뜬다면,임창정,고소영,차승원,명계남,강정식
해무,김윤석,박유천,한예리,이희준,문성근
해바라기,김래원,김해숙,허이재,김병옥,김정태
해빙,조진웅,신구,김대명,송영창,이청아
해안선,장동건,김정학,박지아,유해진,정진
해어화,한효주,유연석,천우희,박성웅,장영남
해운대,설경구,하지원,박중훈,엄정화,이민기
해적: 바다로 간 산적,김남길,손예진,유해진,이경영,오달수
핸드폰,박용우,엄태웅,박솔미,황보연,이세나
행복은 성적순이 아니잖아요,이미연,김보성,최수훈,이덕화,최수지
허삼관,하정우,하지원,남다름,노강민,전현석
허풍,이정길,김동수,박진위,이덕재,라리사
헬로우 고스트,차태현,강예원,이문수,고창석,장영남
헬머니,김수미,정만식,김정태,이태란,정애연
혈의 누,차승원,박용우,지성,윤세아,최종원
"협녀, 칼의 기억",이병헌,전도연,김고은,준호,이경영
협상,손예진,현빈,김상호,장영남,장광
형,조정석,디오,박신혜,김강현,지대한
형사 DUELIST,하지원,강동원,안성기,송영창,윤주상
호로비츠를 위하여,엄정화,신의재,박용우,최선자,윤예리
혼숨,류덕환,조복래,이수빈,홍예은,조석현
홀리데이,이성재,최민수,장세진,이얼,문영동
화려한 휴가,김상경,안성기,이요원,이준기,박철민
화산고,장혁,신민아,허준호,변희봉,김수로
화이: 괴물을 삼킨 아이,김윤석,여진구,조진웅,장현성,김성균
화차,이선균,김민희,조성하,송하윤,최덕문
환절기,배종옥,이원근,지윤호,박원상,서정연
황산벌,박중훈,정진영,이문식,김병서,윤이준
황제를 위하여,이민기,박성웅,이태임,김종구,정흥채
황진이,송혜교,유지태,류승룡,윤여정,오태경
황해,하정우,김윤석,조성하,이철민,곽도원
회사원,소지섭,이미연,곽도원,김동준,이경영
효자동 이발사,송강호,이재응,문소리,노형욱,류승수
후궁: 제왕의 첩,조여정,김동욱,김민준,박지영,조은지
후아유,조승우,이나영,이장원,조은지,배해선
희생부활자,김래원,김해숙,성동일,전혜진,장영남
히말라야,황정민,정우,조성하,김인권,라미란
히어로,오정세,박철민,정은표,신지수,황인영
B형 남자친구,이동건,한지혜,신이,백일섭,유태웅
GP506,천호진,조현재,이영훈,이정헌,김병철
H,염정아,지진희,조승우,성지루,권혁풍
M,강동원,이연희,공효진,전무송,송영창
R2B: 리턴 투 베이스,비,유준상,신세경,김성수,이하나
S 다이어리,김선아,이현우,김수로,공유,나문희
YMCA 야구단,송강호,김혜수,김주혁,황정민,이대연
