title,grade,genre,people
10억,6.26,"모험, 스릴러",433866
18: 우리들의 성장 느와르,9.63,"느와르, 드라마",1124
1987,9.31,드라마,7232387
"1991, 봄",9.29,다큐멘터리,6106
"1999, 면회",8.67,드라마,3405
1급기밀,8.87,드라마,218808
1번가의 기적,8.19,"코미디, 드라마",2535450
2009 로스트 메모리즈,8.06,"SF, 액션",856150
26년,6.4,액션,2963652
4요일,4.57,"공포, 스릴러",26962
4인용 식탁,6.38,"스릴러, 공포","717,494"
5백만불의 사나이,4.99,코미디,104736
7광구,3.34,"SF, 액션, 모험",2242510
7급 공무원,8.28,"액션, 코미디",4039891
7번방의 선물,8.83,코미디,12811714
8월의 크리스마스,9,"드라마, 멜로/로맨스","28,146"
가려진 시간,8.25,"드라마, 판타지",511369
가루지기,4.26,"코미디, 드라마",269478
가문의 영광,6.06,코미디,1160021
가문의 영광,6.06,코미디,1160021
가문의 위기,6.29,코미디,4529876
가문의 부활,3.98,코미디,2598859
가문의 수난,4.15,"코미디, 액션",2368267
가문의 귀환,6.06,코미디,1160021
가비,6.85,"미스터리, 드라마",270602
가슴 달린 남자,7.56,"코미디, 멜로/로맨스","128,334"
가위,7.21,"공포, 스릴러","334,364"
가을로,7.19,"멜로/로맨스, 드라마",601733
가을비 우산속에,0,"멜로/로맨스, 드라마","159,335"
가족의 탄생,8.57,드라마,201227
각설탕,8.84,"드라마, 가족",1265508
간기남,6.9,"스릴러, 코미디",1246185
간신,7.05,드라마,1110274
간첩,7.17,"드라마, 코미디, 액션",1310895
간첩 리철진,7.03,"드라마, 코미디","172,474"
간기남,6.9,"스릴러, 코미디",1246185
감기,6.94,"드라마, 모험, 액션",3117859
감시자들,7.76,"범죄, 액션, 스릴러",5509019
강남1970,7.76,"액션, 드라마",2192276
강변부인,0,1981.01.01. 개봉,"28,632"
강원도의 힘,6.94,드라마,"15,967"
강철대오: 구국의 철가방,6.45,코미디,233211
강철비,8.73,"액션, 드라마",4452850
개그맨,7.6,코미디,"33,944"
개들의 전쟁,7.29,"액션, 드라마, 코미디",23398
개를 훔치는 완벽한 방법,8.79,"드라마, 가족",306904
거룩한 계보,7.52,"드라마, 액션",1433696
거북이 달린다,8.42,"범죄, 코미디, 액션",3024666
거울 속으로,7.08,"공포, 스릴러","719,234"
거짓말,9.14,드라마,5212
건축무한육면각체의 비밀,6.45,미스터리,"177,729"
건축학개론,9.5,멜로/로맨스,4113708
걷기왕,8.52,드라마,95542
걸프렌즈,4.91,"멜로/로맨스, 코미디",108396
검사외전,8.56,"범죄, 코미디",9707119
검은 사제들,8.55,"미스터리, 드라마",5443232
검은 집,6.45,"공포, 스릴러",1322196
게임의 법칙,8.98,"액션, 느와르","133,872"
겨울여자,8.33,"드라마, 멜로/로맨스","586,147"
결정적 한방,6.24,"드라마, 코미디",60944
"결혼은, 미친 짓이다",8.55,"드라마, 멜로/로맨스","422,939"
결혼전야,7.02,"멜로/로맨스, 코미디",1214839
경계,7,다큐멘터리,1130
경성학교: 사라진 소녀들,6.44,"미스터리, 드라마",356436
고고70,8.02,드라마,595199
고교얄개,8.64,코미디,"258,978"
고래사냥,9.06,드라마,"426,221"
고死: 피의 중간고사,6.82,"공포, 스릴러",1634192
고死: 피의 중간고사,6.82,"공포, 스릴러",1634192
고死 두번째 이야기: 교생실습,4.73,"공포, 스릴러",857038
"고산자, 대동여지도",8.01,드라마,974262
고속도로,7.71,드라마,"26,174"
고양이를 부탁해,10,"드라마, 코미디","24,182"
고지전,8.66,"전쟁, 드라마",2945151
곡성,8.22,"미스터리, 스릴러",6879989
곤지암,7.51,"공포, 미스터리",2676427
골든 슬럼버,6.27,"범죄, 드라마",1387564
공공의 적,9.2,"범죄, 액션","1,161,500"
공공의 적2,7.49,"드라마, 범죄",3134424
강철중: 공공의 적 1-1,8.53,"범죄, 스릴러, 코미디",4313102
공동경비구역 JSA,9.8,"드라마, 전쟁, 코미디","2,513,540"
공모자들,7.01,"범죄, 스릴러",1646142
공범,7.15,스릴러,1766285
공범자들,9.61,다큐멘터리,260514
공작,7.86,드라마,4975517
공정사회,10,드라마,14537
공조,8.83,액션,7817654
공포의 외인구단,7.61,드라마,"287,712"
과속스캔들,9.19,코미디,8223342
관능의 법칙,7.64,"드라마, 코미디",781516
관상,8,드라마,9135806
광복절 특사,7.96,"코미디, 멜로/로맨스","3,101,900"
광식이 동생 광태,7.79,"멜로/로맨스, 코미디",2024818
"광해, 왕이 된 남자",9.24,드라마,12324062
괴물,8.62,"모험, 액션, 스릴러",10917400
괴시,7.59,"SF, 공포, 미스터리","12,643"
구르믈 버서난 달처럼,6.84,"드라마, 액션",1383867
구미호,5.21,"공포, 멜로/로맨스","174,797"
구미호 가족,5.52,"뮤지컬, 판타지",141610
구세주: 리턴즈,4.8,코미디,6151
구타유발자들,7.51,"코미디, 범죄",143061
국가대표,8.79,드라마,710166
국가대표 2,8.79,드라마,710166
국제시장,9.16,드라마,14263940
군도: 민란의 시대,7.34,액션,4775811
군함도,7.35,"액션, 드라마",6592168
굿모닝 프레지던트,6.7,코미디,2554960
굿바이 싱글,8.42,"코미디, 드라마",2108561
궁합,7.49,"코미디, 드라마",1340149
귀신이 산다,6.88,"코미디, 공포, 판타지",1875936
귀여워,5.03,코미디,51276
귀향,9.33,드라마,3587252
그것만이 내 세상,9.17,"코미디, 드라마",3420199
그날의 분위기,7.86,"멜로/로맨스, 코미디",653226
그녀를 믿지 마세요,8.85,"코미디, 멜로/로맨스",298221
그놈 목소리,7.46,"드라마, 미스터리",2972299
그놈이다,7.53,스릴러,1046313
그대를 사랑합니다,9.33,드라마,1649407
그대 안의 블루,8.21,멜로/로맨스,"153,184"
그때 그 사람들,7.46,"미스터리, 코미디",890602
그럼에도 불구하고,8.85,다큐멘터리,1607
그림자 살인,7.34,스릴러,1892467
그물,8.37,드라마,56553
그해 여름,8.83,"멜로/로맨스, 드라마",290564
극락도 살인사건,6.93,"미스터리, 스릴러",2079989
극비수사,8.35,"드라마, 범죄",2860786
극한직업,9.2,코미디,16266240
글러브,8.84,드라마,1887733
글로리데이,8.55,드라마,189442
기담,7.48,공포,644111
기방도령,7.07,코미디,287053
기술자들,7.91,"범죄, 액션",2564340
기생충,9.07,드라마,10307053
기억의 밤,8.41,"미스터리, 스릴러",1387779
긴급조치 19호,4.62,코미디,"40,960"
김관장 대 김관장 대 김관장,4.56,"코미디, 액션",925661
김복남 살인 사건의 전말,8.74,스릴러,161722
김씨 표류기,8.73,드라마,725031
김종욱 찾기,8.28,"멜로/로맨스, 코미디",1122225
까불지마,7.1,"코미디, 액션",155308
깡패수업,7.24,"범죄, 액션, 코미디","176,757"
꽃순이를 아시나요,0,드라마,"216,628"
꽃잎,7.66,드라마,"213,979"
꾼,8.32,범죄,4018341
꿈의 제인,8.87,드라마,25110
끝까지 간다,8.83,"범죄, 액션",3450381
나가요 미스콜,3.03,"멜로/로맨스, 코미디",338
나는 77번 아가씨,0,"멜로/로맨스, 드라마","217,249"
나는 고양이로소이다,9.34,다큐멘터리,8496
나는 왕이로소이다,7.42,"드라마, 코미디",790181
나를 잊지 말아요,6.72,멜로/로맨스,427113
나의 독재자,7.37,드라마,386074
나의 사랑 나의 신부(1990),8.09,"멜로/로맨스, 코미디","187,116"
나의 사랑 나의 신부(2014),8.39,"멜로/로맨스, 코미디",2141155
나의 절친 악당들,5.48,"액션, 범죄, 드라마",133555
나의 PS 파트너,8.24,"멜로/로맨스, 코미디",1831741
나쁜남자,3.35,드라마,"298,926"
나쁜 녀석들: 더 무비,8.16,"범죄, 액션",4573903
나쁜놈은 죽는다,6.73,"액션, 코미디",14951
나쁜 피,6.68,범죄,1341
나탈리,4.75,멜로/로맨스,94875
나랏말싸미,6.75,드라마,958775
낙동강은 흐르는가,0,1976.10.23. 개봉,493
남과 여,7.56,멜로/로맨스,203729
남극일기,5.5,"미스터리, 공포",871235
남부군,7.25,"전쟁, 드라마","324,169"
남영동1985,7.23,드라마,332643
남자가 사랑할 때,8.48,드라마,1980120
남자사용설명서,6.97,"멜로/로맨스, 코미디",507913
남쪽으로 튀어,7.81,"드라마, 코미디",832894
남한산성,8.17,드라마,3849129
너는 내 운명,9.07,"멜로/로맨스, 드라마",2701974
넘버 3,8.46,"코미디, 범죄, 액션","297,617"
내가 버린 남자,0,드라마,"239,718"
내가 살인범이다,8.48,"액션, 스릴러",2729830
내 깡패 같은 애인,9.06,"코미디, 드라마",688639
내 마음의 풍금,8.91,"드라마, 멜로/로맨스","148,494"
내 머리속의 지우개,9.09,"멜로/로맨스, 코미디",1887868
내부자들,9.06,"범죄, 드라마",7073581
내사랑 내곁에,7.03,드라마,2135509
내 아내의 모든것,8.57,"멜로/로맨스, 코미디",4598985
내 여자친구를 소개합니다,6.33,멜로/로맨스,1298666
내 연애의 기억,6.58,"멜로/로맨스, 코미디",46775
내 친구 정일우,9.59,다큐멘터리,12245
노무현입니다,9.49,다큐멘터리,1855515
노브레싱,7.58,드라마,451669
노후 대책 없다,8.29,다큐멘터리,1788
녹색의자,5.72,"멜로/로맨스, 드라마",366
누구나 비밀은 있다,5.86,"멜로/로맨스, 코미디",542955
눈에는 눈 이에는 이,7.89,"범죄, 액션, 스릴러",2058616
늑대소년,8.65,"멜로/로맨스, 드라마",7069353
늑대의 유혹,7.69,"멜로/로맨스, 드라마",1297296
"님아, 그 강을 건너지 마오",9.16,다큐멘터리,4802416
님은 먼 곳에,7.83,"전쟁, 드라마, 모험",1706495
다세포 소녀,2.22,"코미디, 멜로/로맨스",476732
다찌마와 리,0,"코미디, 액션","628,508"
다이빙벨,9.57,다큐멘터리,50310
닥터 봉,6.8,"코미디, 멜로/로맨스","376,443"
"당신, 거기 있어줄래요",8.8,"판타지, 드라마",1168782
달마야 놀자,8.37,"코미디, 액션","1,253,075"
달마야 서울가자,5.09,코미디,703507
달콤한 인생,8.56,"느와르, 액션, 드라마",1112950
당신의 부탁,8.49,"드라마, 가족",25920
대립군,7.59,드라마,837500
대배우,7.12,코미디,169983
대한민국 헌법 제1조,7.14,코미디,"301,595"
대호,8.21,드라마,1762733
댄싱퀸,8.87,"코미디, 드라마",4058225
더 게임,7.41,스릴러,1479859
더 킥,6.94,액션,51024
더 킹,8.39,"범죄, 드라마",5318007
더 테러 라이브,8.28,"스릴러, 드라마",5584295
더 폰,8.05,"액션, 스릴러",1596762
덕혜옹주,8.72,"서사, 드라마",5599995
도가니,9.27,드라마,4662926
도리화가,7.29,드라마,317505
도마 안중근,4.14,드라마,20318
도둑들,7.62,"범죄, 액션, 드라마",12984692
도레미파솔라시도,6.64,드라마,197672
도마뱀,7.08,"멜로/로맨스, 드라마",364848
도희야,7.27,드라마,106781
독전,8.41,"범죄, 액션",5201715
돈을 갖고 튀어라,7.56,"코미디, 멜로/로맨스","167,108"
돈 크라이 마미,6.44,"스릴러, 드라마",975462
돈의 맛,6.79,드라마,1166025
돌아와요 부산항애,6.11,"범죄, 액션, 드라마",6954
돌려차기,7.23,"코미디, 액션",41401
돌멩이의 꿈,7.05,드라마,515
돌연변이,7.43,"드라마, 코미디",100543
동감,9,"멜로/로맨스, 판타지","346,279"
동갑내기 과외하기,7.82,코미디,"4,937,573"
동갑내기 과외하기2,6.44,코미디,514669
동네사람들,7.13,"액션, 스릴러",461693
동주,9.18,드라마,1176468
동창생,7.31,"액션, 드라마",1048280
된장,7.38,미스터리,45180
두근두근 내 인생,7.51,드라마,1624573
두만강,7.87,"드라마, 전쟁",2542
두사부일체,7.44,"코미디, 액션","1,228,142"
디 워,7.54,"판타지, 액션",7855474
또 하나의 약속,9.25,드라마,497994
똥개,7.81,드라마,"1,394,000"
똥파리,9,드라마,123029
뚫어야 산다,2.96,"범죄, 코미디, 액션","20,283"
라디오 스타,9.2,"코미디, 드라마",1590774
라라,8,"멜로/로맨스, 드라마",1860
라스트 갓파더,6.24,코미디,2541603
라이터를 켜라,7.66,코미디,"470,557"
럭키,8.76,코미디,6975631
런닝맨,7.77,"액션, 코미디",1422844
레나,8.2,"멜로/로맨스, 드라마",3523
레드슈즈,9.15,"애니메이션, 모험",818662
레드 아이,3.23,공포,210793
레슬러,6.43,"드라마, 코미디",771159
로니를 찾아서,7.82,드라마,1478
로마서 8:37,9,"드라마, 가족, 범죄",5059
"로봇, 소리",8.25,드라마,476653
롤러코스터,6.42,코미디,270156
루시드 드림,8.05,"SF, 스릴러",102170
리얼,4.43,"액션, 느와르",470195
마고,3.83,드라마,"14,671"
마녀,8.57,"미스터리, 액션",3189091
마담 뺑덕,6.54,멜로/로맨스,471248
마더,9.45,"범죄, 미스터리",2981953
마돈나,7.81,드라마,18276
마스터,8.65,"액션, 범죄",7147924
마약왕,7.18,"범죄, 드라마",1864077
마음이...,8.96,"가족, 드라마",817939
마이웨이,7.17,드라마,2142670
마이 파더,8.41,드라마,901055
마파도,7.16,"코미디, 모험",2636857
만남의광장,6.03,코미디,1211528
만추,9.44,드라마,850411
말아톤,9.22,드라마,4196859
말죽거리 잔혹사,8.77,"드라마, 액션",604972
망원동 인공위성,8.72,다큐멘터리,3022
멋진 하루,8.19,"드라마, 멜로/로맨스",397669
명량,8.88,"액션, 드라마",17615658
맨데이트: 신이 주신 임무,3.43,"액션, 스릴러, 판타지",12144
맨발의 기봉이,7.21,"코미디, 드라마",2005180
맨홀,6.03,"공포, 스릴러",133665
메소드(영화),8.07,"드라마, 멜로/로맨스",26651
모노폴리,6.4,"범죄, 스릴러",358299
목숨 건 연애,7.53,"멜로/로맨스, 코미디",48010
목포는 항구다,6.87,"코미디, 액션",425725
몬스터,6.26,스릴러,526547
무뢰한,7.3,"멜로/로맨스, 드라마",415510
무방비도시,7.55,"범죄, 액션",1600856
무사,8.84,"드라마, 액션","857,148"
무서운 이야기,4.97,공포,97804
무서운 이야기 2,6.62,공포,495535
무서운 이야기 3,4.97,공포,97804
무서운 집,8.94,공포,1079
무수단,7.64,"미스터리, 스릴러",15882
무영검,6.81,액션,519722
"무현, 두 도시 이야기",9.44,다큐멘터리,197225
미나 문방구,7.06,"드라마, 코미디",334323
미녀는 괴로워,8.79,"코미디, 멜로/로맨스",6081480
미술관 옆 동물원,8.75,"멜로/로맨스, 드라마","412,472"
미스터 고,7.76,"드라마, 코미디, 액션",1329061
미스터 소크라테스,7.78,"범죄, 액션, 코미디",1066103
미스 프레지던트,8.13,다큐멘터리,6749
미쓰 백,9.26,드라마,723110
미쓰 와이프,8.68,코미디,988451
미씽: 사라진 여자,8.53,"미스터리, 가족",1153201
미인도,6.32,"멜로/로맨스, 드라마",2342579
미확인 동영상: 절대클릭금지,6.15,"공포, 스릴러",867386
밀양(영화),7.89,드라마,1604819
밀정,8.57,액션,7500457
바람,9.27,"드라마, 액션, 가족",103628
바람과 함께 사라지다,7.59,"코미디, 액션",4909944
바람난 가족,6.85,드라마,"1,748,258"
바람 바람 바람,6.65,코미디,1194239
바람의 파이터,8.17,"액션, 드라마",1442299
바람 피기 좋은 날,5.79,"멜로/로맨스, 코미디",1708979
바르게 살자,8.05,코미디,2135606
바보,8.05,드라마,967654
바보들의 행진,8.95,"드라마, 코미디, 모험","153,780"
바비,6.88,드라마,2416
바이오맨,8.45,"SF, 가족, 액션","2,971"
박대박(영화),6.04,코미디,"21,741"
박수건달,8.11,코미디,3897969
박수칠 때 떠나라,7.77,"코미디, 미스터리",2073641
박열,8.48,"드라마, 모험",2359707
박쥐,6.26,멜로/로맨스,2208165
박하 사탕,9.38,드라마,"290,352"
반가운 살인자,7.6,"코미디, 범죄, 스릴러",590531
반두비,6.77,"드라마, 멜로/로맨스",7763
반창꼬,8.58,"드라마, 멜로/로맨스",2475797
반칙왕,8.38,"코미디, 드라마","787,423"
밤섬해적단 서울불바다,8.92,다큐멘터리,2427
밤의 여왕,6.88,"멜로/로맨스, 코미디",252475
방울토마토,6.89,"가족, 드라마",18478
방자전,7.41,드라마,2985556
방황하는 칼날,7.48,"스릴러, 범죄",989593
배우는 배우다,6.74,드라마,112029
백야,8.81,드라마,"6,075"
백야행 - 하얀 어둠 속을 걷다,7.96,"미스터리, 멜로/로맨스",949896
번지점프를 하다,8.45,멜로/로맨스,"506,529"
범죄도시,9.28,액션,6880546
범죄와의 전쟁: 나쁜놈들 전성시대,8.63,"범죄, 드라마",4720172
범죄의 여왕,8.42,스릴러,43866
범죄의 재구성,8.78,"범죄, 스릴러, 코미디",943241
베를린,7.83,"액션, 드라마",7166688
베스트셀러,7.6,미스터리,1081752
베테랑,9.24,"액션, 드라마",13414484
변호인,9.29,드라마,11375123
보안관,8.26,"범죄, 코미디",2588628
보통사람,8.49,드라마,383336
복면달호,7.49,"코미디, 드라마",1507970
복수는 나의 것,8.38,"범죄, 스릴러","162,517"
복수혈전,8.86,액션,"20,637"
봄날은 간다,9.31,"드라마, 멜로/로맨스","376,642"
봉이 김선달,8.26,"코미디, 모험",2051386
부당거래,8.69,"범죄, 드라마",2725860
부라더,7.83,코미디,1492903
부러진 화살,8.92,드라마,3460212
부산행,8.59,"액션, 스릴러",11567662
분노의 윤리학,6.73,"범죄, 드라마",225618
분홍신,5.53,"공포, 스릴러",1073189
불꽃처럼 나비처럼,6.95,"드라마, 멜로/로맨스",1670652
불신지옥,7.92,"공포, 미스터리",248291
불청객,5.41,"공포, 스릴러",31
불한당: 나쁜 놈들의 세상,8.14,"범죄, 액션, 드라마",963239
뷰티풀 선데이,7.37,"드라마, 액션, 스릴러",169036
뷰티 인사이드,8.26,멜로/로맨스,2058096
브라보 마이 라이프,8.01,"코미디, 드라마",71409
블라인드,8.08,스릴러,2367942
블루,9.03,드라마,"198,500"
비밀은 없다,7,스릴러,250975
비스티 보이즈,7.1,드라마,719587
비열한 거리,8.79,"범죄, 액션, 느와르",1829887
비천무,5.99,"액션, 멜로/로맨스","717,659"
빅매치,7.82,액션,1177435
빨간마후라,7.5,"액션, 드라마",1201944
뺑반,7.16,"범죄, 액션",1827020
사과,7.9,"멜로/로맨스, 드라마",58233
사냥,5.92,"액션, 스릴러",645834
사도,8.49,드라마,6247651
사랑니(영화),10,"멜로/로맨스, 드라마",135698
사랑방 손님과 어머니,9.01,"드라마, 멜로/로맨스","3,901"
사랑하기 때문에,8.38,"코미디, 멜로/로맨스",340936
사생결단,7.43,"느와르, 액션",1724709
산상수훈,8.29,드라마,55033
살인의 추억,9.65,"범죄, 미스터리","5,255,376"
살인의뢰,7.04,"범죄, 스릴러",855988
살인자,4.13,스릴러,88199
살인자의 기억법,8.17,"범죄, 스릴러",2658589
삼거리극장,8.05,뮤지컬,16063
상류사회,5.66,드라마,768249
상의원,7.8,드라마,790370
색즉시공,7.28,코미디,"4,082,797"
생활의 발견,7.63,"드라마, 멜로/로맨스","124,682"
서부전선,7.17,"전쟁, 드라마",609063
서양골동양과자점 앤티크,8.21,드라마,1181332
서편제,8.67,드라마,"1,035,741"
석조저택 살인사건,8.21,"스릴러, 서스펜스",353517
선데이서울,3.15,"코미디, SF, 판타지",36865
선생 김봉두,8.93,"코미디, 드라마","2,472,135"
설국열차,7.98,"SF, 액션, 드라마",9352605
섬. 사라진 사람들,7.84,스릴러,20165
성난 변호사,8.49,"범죄, 액션",1131154
성냥팔이 소녀의 재림,4.16,"액션, 판타지, SF","52,317"
성실한 나라의 앨리스,8.13,드라마,44100
세기말,7.51,드라마,"39,636"
세븐 데이즈,9.06,"범죄, 스릴러",2048339
소공녀,9.2,"멜로/로맨스, 드라마",59685
소름,7.26,"공포, 미스터리","78,545"
소셜포비아,7.81,"스릴러, 드라마",251645
소수의견,8.71,드라마,383582
소원,9.32,드라마,2711094
수상한 그녀,9.09,"코미디, 드라마",8660623
수색역,8.8,출구·버스,1821
순수의 시대,6.41,드라마,470308
순정,8.93,드라마,240704
순천,9,다큐멘터리,3855
숨바꼭질,6.78,스릴러,5604106
쉿! 그녀에겐 비밀이에요,6.34,"드라마, 멜로/로맨스",2382
슈팅걸스,0,"드라마, 가족",5591
슈퍼스타 감사용,9.03,"드라마, 코미디",627199
스물,8.6,"코미디, 드라마",3044859
스승의 은혜,6.44,"공포, 스릴러",550215
스카우트,8.17,"코미디, 멜로/로맨스",292462
스캔들 - 조선남녀상열지사,7.91,"드라마, 멜로/로맨스","3,522,747"
스타박'스 다방,8.33,드라마,2772
스플릿,9.15,드라마,758195
슬로우 비디오,7.77,드라마,1169546
쉬리,8.86,"액션, 멜로/로맨스","5,820,000"
슈퍼맨이었던 사나이,7.48,"코미디, 드라마",550284
시간이탈자,7.88,스릴러,1202511
"시발, 놈 - 인류의 시작",7.96,"코미디, 드라마",1159
시라노;연애 조작단,8,"멜로/로맨스, 코미디",2684798
시실리 2km,7.99,"공포, 코미디",1263196
시월애,9.23,"드라마, 멜로/로맨스","248,597"
식객,8.48,"드라마, 코미디",2965359
식객: 김치전쟁,7.19,드라마,462714
신과함께,8.63,"판타지, 드라마",12276350
신과함께-죄와 벌,8.73,"판타지, 드라마",14411775
신과함께-인과 연,8.63,"판타지, 드라마",12276350
신기전,8.28,"드라마, 액션, 전쟁",3728439
신데렐라,6.61,"애니메이션, 판타지",284922
신라의 달밤,7.55,"코미디, 액션","1,608,211"
신세계,8.92,"범죄, 드라마",4684571
신장 개업,7.59,"공포, 코미디","100,915"
신의 한 수,8.69,"범죄, 액션",2159081
실미도,8.54,"전쟁, 스릴러, 드라마","11,081,000"
실종,6.05,"범죄, 스릴러",644276
실종: 사라진 아내,10,"스릴러, 멜로/로맨스",185
심야의 FM,6.84,"스릴러, 범죄",1208310
싱글라이더,8,드라마,351276
싱글즈,8.11,"멜로/로맨스, 코미디","2,203,042"
싸울아비,3.29,멜로/로맨스,"11,301"
싸움,6.04,"멜로/로맨스, 코미디",342119
싸움의 기술,7.92,"코미디, 액션",1146463
싸이보그지만 괜찮아,5.12,"드라마, 멜로/로맨스",676538
쌍화점,7.24,드라마,3749034
써니,9.11,"코미디, 드라마",7453715
썸머타임,5.38,멜로/로맨스,"84,413"
쎄시봉,7.94,"멜로/로맨스, 드라마",1715370
쏜다,7.74,"코미디, 액션, 드라마",328837
아가씨,7.69,"스릴러, 드라마",4288996
아기와 나,7.91,"코미디, 가족",435940
아내가 결혼했다,5.07,"멜로/로맨스, 드라마",1799501
아는 여자,9.12,코미디,736394
아들,7.86,드라마,452209
아라한 장풍대작전,8.11,"액션, 코미디, 판타지",810430
아부의 왕,5.64,코미디,497880
아수라,6.54,"범죄, 액션",2594769
아이들…,7.88,범죄,1867849
아이 캔 스피크,9.23,드라마,3283470
아저씨,9.24,"액션, 범죄, 드라마",6178665
아프리카,5.5,"드라마, 모험","9,419"
아홉살 인생,9.08,드라마,85312
악녀,7.83,액션,1208081
악마를 보았다,7.95,"범죄, 스릴러",1817069
악어,6.54,드라마,"3,284"
악의 연대기,8.22,"범죄, 스릴러",2192525
안녕 형아,8.28,"드라마, 가족",924019
안시성,8.63,액션,5441020
알바트로스,6.94,"드라마, 액션, 전쟁","9,714"
알 포인트,8.76,"공포, 미스터리, 액션",1068362
암살,9.1,"액션, 드라마",12706829
애마부인,6.62,멜로/로맨스,315000
애자,8.75,"드라마, 코미디",1901731
앨리스 원더랜드에서 온 소년,8.28,"판타지, 공포",9323
어깨동무,8.04,코미디,119884
어린 신부,7.85,"멜로/로맨스, 코미디",991674
여고괴담,0,공포,"621,032"
여고괴담 두번째 이야기,9.57,공포,"148,151"
여고괴담 3 - 여우 계단,6.7,"공포, 스릴러","1,784,479"
여고괴담 4 - 목소리,5.11,"공포, 스릴러",397327
여고생 시집가기,3.15,코미디,57943
여곡성,5,"공포, 미스터리",67368
여배우들,6.81,드라마,513405
여선생 VS 여제자,7.98,"코미디, 드라마",846683
여자들,6.24,"액션, 코미디","2,861"
여중생A,7.39,드라마,97986
역린,7.43,드라마,3849700
연가시,7.18,"드라마, 모험",4516063
연애의 목적,8.14,"멜로/로맨스, 드라마",1524898
연애의 온도,8,멜로/로맨스,1865354
연평해전,9.14,드라마,6045049
연풍연가,8.58,"멜로/로맨스, 드라마","92,574"
열정같은소리하고있네,7.96,드라마,654407
열한번째 엄마,7.95,드라마,337700
열한시,6.44,스릴러,870785
염력,6.19,코미디,990111
엽기적인 그녀,5.55,"멜로/로맨스, 코미디",77118
엽기적인 그녀 2,5.55,"멜로/로맨스, 코미디",77118
예의없는 것들,7.3,"코미디, 액션, 느와르",782907
오감도,2.78,멜로/로맨스,438808
오늘의 연애,7.78,"멜로/로맨스, 코미디",1892125
오발탄,8.53,드라마,"2,894"
오빠생각,8.5,"드라마, 전쟁",1069962
오! 브라더스,8.22,코미디,"3,148,748"
오! 수정,6.98,"드라마, 멜로/로맨스","90,257"
오! 해피데이,6.53,"코미디, 멜로/로맨스","1,073,230"
오로라 공주,8.15,"범죄, 스릴러",830538
오싹한 연애,8.54,"멜로/로맨스, 공포",3009406
옥자,8.77,"모험, 액션, 드라마",322663
올가미,8.53,스릴러,"141,717"
올드마린보이,8.89,다큐멘터리,10820
올드보이,10,"드라마, 미스터리","3,269,000"
와니와준하,8.62,"멜로/로맨스, 드라마","101,879"
와이키키 브라더스,9.5,드라마,"88,214"
와일드 카드,8.89,"액션, 스릴러, 범죄","1,571,931"
완득이,8.78,드라마,5311353
완벽한 파트너,6.88,코미디,90370
왕의 남자,9.03,드라마,10513976
용가리,6.03,"모험, 액션, 판타지","317,306"
용서받지 못한 자,9.09,드라마,10790
용의자,8.27,"액션, 드라마",4131963
용의자X,7.65,미스터리,1552055
우는 남자,6.79,"액션, 드라마",603093
우뢰매,9.15,액션,"5,527"
우리들,9.21,드라마,50625
우리들의 일그러진 영웅,9.3,드라마,"32,359"
우리들의 행복한 시간,8.7,드라마,2472160
우리 생애 최고의 순간,8.58,드라마,4018872
우리에게 내일은 없다,7.97,"범죄, 드라마","3,500"
우리 이웃의 범죄,6.85,"범죄, 드라마",4213
우리 형,8.39,드라마,1778607
우아한 거짓말,8.23,드라마,1619983
우아한 세계,8.34,"범죄, 느와르, 액션",960658
우주의 크리스마스,7.88,"드라마, 판타지",2132
울지 않으리,10,1974.09.28. 개봉,"31,913"
울학교 이티,8.99,"코미디, 드라마",652178
워낭소리,8.67,"다큐멘터리, 가족",2934883
원스 어폰 어 타임,7.99,"코미디, 액션",1544486
웨딩드레스,9.09,드라마,143458
웰컴 투 동막골,8.89,"드라마, 전쟁",6436900
위대한 소원,8.2,"코미디, 드라마",308457
위대한 유산,7.75,"멜로/로맨스, 코미디","2,251,491"
유감스러운 도시,5.97,"액션, 범죄, 코미디",1532632
유리정원,8.22,"미스터리, 드라마",22752
육체의 약속,7.79,멜로/로맨스,"69,522"
육혈포 강도단,7.56,"범죄, 코미디",1214237
은교,7.07,멜로/로맨스,1346511
은밀하게 위대하게,7.12,"액션, 드라마, 코미디",6959083
은하해방전선,8.88,"코미디, 멜로/로맨스",5228
은행나무 침대,7.81,"드라마, 멜로/로맨스","452,580"
의뢰인,8.07,"드라마, 스릴러",2393103
의형제,8.86,"액션, 드라마",5416923
이것이 우리의 끝이다,7.48,드라마,2926
이끼,7.09,"드라마, 범죄",3350311
이리,5.13,드라마,2241
이별계약,8.33,"드라마, 멜로/로맨스",18343
이웃사람,7.52,스릴러,2434435
이웃집 좀비,5.72,"공포, 코미디, 드라마",2807
이장과 군수,7.17,코미디,1179661
이중간첩,7.8,"드라마, 스릴러, 범죄","1,025,928"
이층의 악당,8.05,"코미디, 범죄",596864
이태원 살인 사건,5.9,"미스터리, 범죄",531023
인디안 썸머,8.32,멜로/로맨스,"388,865"
인류멸망보고서,4.85,"SF, 판타지",97916
인정사정 볼 것 없다,8.59,"드라마, 액션","664,861"
인천상륙작전,8.55,"전쟁, 드라마",7051237
인사동 스캔들,7.99,"범죄, 액션, 드라마",1187684
임금님의 사건수첩,8.05,"코미디, 모험, 액션",1635003
일대일,6.76,드라마,10142
일진,4.73,액션,224
자녀목,7.36,드라마,"27,761"
자백,9.6,다큐멘터리,144372
자카르타,7,"범죄, 드라마, 코미디","299,824"
자칼이 온다,6.3,"코미디, 드라마",210278
작전,8.61,"범죄, 스릴러, 코미디",1517096
잘 살아보세,5.52,"코미디, 드라마",236799
잘 알지도 못하면서,7.8,드라마,39984
잠복근무,7.52,"코미디, 액션",1533225
장군의 아들,8.69,"액션, 드라마","678,946"
"장화, 홍련",10,"공포, 스릴러","3,146,217"
재밌는 영화,6.66,코미디,"376,085"
재심,8.7,드라마,2421197
적도의 꽃,7.09,"드라마, 멜로/로맨스","155,042"
전국 노래자랑,8,코미디,978413
전설의 고향,4.52,공포,352518
전설의 주먹,7.57,"액션, 드라마",1744585
전우치,8.19,"액션, 코미디, 모험",6065474
접속,9,"멜로/로맨스, 드라마","674,933"
젓가락,3.7,코미디,480
정글쥬스,6.34,"코미디, 모험","286,270"
"제니, 주노",3.62,"코미디, 드라마",216516
제보자,8.31,드라마,1755181
제5의 사나이,6.07,드라마,"32,201"
젝스키스 에이틴,9.04,다큐멘터리,50419
조선마술사,6.87,드라마,627586
조선명탐정: 각시투구꽃의 비밀,8.12,"코미디, 미스터리",4786259
조선명탐정: 사라진 놉의 딸,8.07,"코미디, 모험",3872015
조선명탐정: 흡혈괴마의 비밀,7.52,"모험, 코미디",2444145
조선미녀삼총사,5.65,"코미디, 액션, 드라마",480361
조용한 가족,7.95,"코미디, 스릴러, 범죄","343,946"
조작된 도시,8.56,"액션, 범죄",2515590
조폭 마누라,6.29,"코미디, 액션","1,419,972"
족보,8.2,드라마,403
족구왕,8.96,"드라마, 코미디",47580
"좋은 놈, 나쁜 놈, 이상한 놈",7.74,"액션, 코미디, 모험",6686075
주먹이 운다,8.9,"드라마, 액션",1462972
주유소 습격사건,8.3,"코미디, 범죄, 액션","2,310,000"
주홍글씨,5.45,"스릴러, 멜로/로맨스",1030623
죽거나 혹은 나쁘거나,8.5,"드라마, 액션","60,978"
죽여주는 여자,8.44,드라마,121452
죽음보다 깊은 잠,8.11,"드라마, 멜로/로맨스","248,603"
중독노래방,7.3,"미스터리, 판타지",8916
중천,5.61,"판타지, 액션, 드라마",1421412
즐거운 인생,9.14,코미디,1202719
증발(영화),7.5,"범죄, 미스터리","22,953"
지구를 지켜라,8.86,"SF, 스릴러","73,132"
지금은맞고그때는틀리다,8.43,드라마,80734
지금 만나러 갑니다,8.98,멜로/로맨스,2602273
지슬: 끝나지 않은 세월 2,9.2,드라마,145398
직지코드,8.57,다큐멘터리,10639
진아의 벌레먹은 장미,9,1982.10.09. 개봉,"52,760"
집으로...,10,"드라마, 가족","1,576,943"
집으로 가는 길,8.82,드라마,1854711
집행자,7.5,드라마,393019
짝패,7.93,액션,1021638
짱,7.42,"드라마, 코미디","51,247"
찌라시: 위험한 소문,7.55,"드라마, 범죄",1221420
찍히면 죽는다,4.04,"공포, 스릴러","30,130"
차우,7.58,"모험, 스릴러, 공포",1778843
차이나 타운,7.58,"범죄, 드라마",1472147
차형사,7.45,코미디,1346754
창공으로,6.9,드라마,25
챔피언(영화),7.47,드라마,1128784
챔피언 마빡이,7.2,"코미디, 가족",6825
천국의 우편배달부,8.61,"판타지, 멜로/로맨스",95060
천군,7.24,"SF, 코미디, 액션",933147
천안함 프로젝트,4.35,다큐멘터리,21321
천하장사 마돈나,8.13,"코미디, 드라마",575381
철암계곡의 혈투,6.06,액션,1002
청년경찰,9.03,액션,5653444
청담보살,6.03,코미디,1308810
청연,7.59,드라마,496061
체포왕,7.72,코미디,870887
초능력자,6.69,"SF, 스릴러, 액션",2130645
초록물고기,8.81,"드라마, 느와르","163,655"
초인,8.44,멜로/로맨스,6811
최강 로맨스,7.11,"코미디, 멜로/로맨스",1190703
최악의 하루,8.48,멜로/로맨스,81304
최종병기 활,7.87,"액션, 전쟁",7482180
최후의 증인,8.87,"전쟁, 미스터리","7,424"
추격자,9.09,"범죄, 스릴러, 액션",5046096
춘몽,8.52,가족,14736
춘향뎐,7.16,"드라마, 멜로/로맨스","110,358"
출국,9.32,드라마,81880
치외법권,7.21,액션,346483
친구,6.21,"느와르, 액션",2971475
친구2,6.21,"느와르, 액션",2971475
친절한 금자씨,7.47,"스릴러, 드라마",3122056
카운트 다운,7.38,"액션, 드라마",471547
카트,8.61,드라마,814676
카페 느와르,5.53,"드라마, 멜로/로맨스",7532
코리아,8.55,드라마,1872682
쿼바디스,9.06,드라마,"20,731"
퀵,7.86,액션,3125069
크로싱,9.02,드라마,898000
클래식,9.79,"멜로/로맨스, 드라마","1,545,107"
클레멘타인,9.35,"액션, 드라마",3562
키다리 아저씨,7.36,"드라마, 멜로/로맨스",440850
킬리만자로,8.07,"드라마, 범죄, 액션","95,541"
킬러들의 수다,8.28,"액션, 드라마, 코미디","871,125"
킹콩을 들다,9.23,드라마,1262858
타워,8.03,드라마,5181228
타짜,6.81,"범죄, 드라마",2229281
타짜: 신의 손,7.76,드라마,4015364
타짜: 원 아이드 잭,6.81,"범죄, 드라마",2229281
타투,4.3,스릴러,12103
탐정: 더 비기닝,8.62,"코미디, 범죄",2625686
탐정: 리턴즈,8.99,"코미디, 범죄",3152895
탐정 홍길동: 사라진 마을,8.24,"드라마, 액션",1430960
터널,8.63,드라마,7120780
터널 3D,5.93,"공포, 스릴러",81008
태,6.83,1986.03.22. 개봉,"18,721"
태극기 휘날리며,9.19,"전쟁, 드라마, 액션",11746135
태백산맥,7.66,"전쟁, 드라마","227,813"
태풍,6.11,", ",3471150
택시운전사,9.28,"드라마, 가족",12189654
톱스타,7.38,드라마,175153
퇴마록,2.99,"미스터리, 액션","419,201"
투 가이즈,7.8,코미디,568230
투명인간,7.29,"드라마, 공포, SF",969
투캅스,7.86,"코미디, 범죄","860,433"
투혼,7.93,드라마,210970
튜브,8,액션,"467,570"
트럭,6.91,"스릴러, 범죄",550195
트릭,6.4,"드라마, 서스펜스",38129
트윈스터즈,9.15,"다큐멘터리, 가족",15153
특별수사: 사형수의 편지,8.54,"범죄, 드라마",1243065
특별시민,7.74,드라마,1362634
특종: 량첸살인기,7.97,스릴러,616608
티끌모아 로맨스,7.52,"멜로/로맨스, 코미디",424002
타클라마칸,6.72,범죄,840
파괴된 사나이(영화),7.71,"스릴러, 드라마",1012310
파란나비효과,9.5,다큐멘터리,5259
파송송 계란탁,7.3,"코미디, 드라마",1003026
파수꾼(영화),9.5,드라마,26020
파울볼,9.34,다큐멘터리,31137
파이란,9.07,"멜로/로맨스, 드라마","222,711"
파파로티,8.28,드라마,1716438
파업전야,9,드라마,40
판도라,8.78,"드라마, 스릴러",4585116
패션왕,6.79,"드라마, 코미디",594876
퍼펙트 게임,8.94,드라마,1507084
페이스메이커,8.83,드라마,467697
편지,8.42,"드라마, 멜로/로맨스","724,747"
평양성,7.77,"코미디, 전쟁",1717566
평화의 시대,4.85,"판타지, SF, 가족","23,824"
포화속으로,8.23,"전쟁, 드라마",3330326
폭력의 씨앗,8.55,드라마,1905
폭력써클,7.17,"액션, 드라마",24682
폭풍전야,6.74,멜로/로맨스,51760
표적,8.07,"액션, 드라마",2841884
푸른소금,7.07,드라마,771699
품행제로,8.4,"코미디, 멜로/로맨스","1,694,637"
프리즌,8.25,"범죄, 액션",2931897
플란다스의 개,8.25,"드라마, 코미디","57,469"
플랜맨,8.67,코미디,635744
피끓는 청춘,7.53,"코미디, 멜로/로맨스",1676040
피도 눈물도 없이,7.91,"드라마, 액션, 느와르","225,038"
피아골,7.1,"전쟁, 드라마",734
하루,7.69,스릴러,1129609
하류인생,7.1,드라마,224856
하면 된다,7.65,코미디,"126,368"
하모니,9.05,드라마,3018154
하울링,6.77,"범죄, 드라마",1612554
하이힐,7.75,"느와르, 액션",343487
하피,2.91,"공포, 코미디","26,591"
하하하,8.63,"드라마, 코미디",57035
한공주,8.57,드라마,225839
한반도,6.36,"드라마, 액션, 스릴러",3331593
할렐루야,8.32,코미디,"310,920"
함정,6.59,"스릴러, 범죄",257996
해가 서쪽에서 뜬다면,8.6,"드라마, 멜로/로맨스","145,752"
해무,7.25,드라마,1475091
해바라기,9.22,"액션, 드라마",1305024
해빙,6.63,스릴러,1204623
해안선,6.88,드라마,"123,633"
해어화,8.23,드라마,485695
해운대,7.46,"모험, 드라마",11324958
해적: 바다로 간 산적,8.51,"모험, 액션",8666208
해피 엔드,8.25,스릴러,"730,000"
핸드폰,7.25,스릴러,622486
행복,7.88,"드라마, 멜로/로맨스",1174495
행복은 성적순이 아니잖아요,8.61,드라마,"155,321"
허삼관,7.61,드라마,956103
허풍,5.45,"코미디, 판타지",656
헬로우 고스트,8.87,코미디,3019960
헬머니,7.52,코미디,523871
혈의 누,7.93,"범죄, 스릴러",1926681
"협녀, 칼의 기억",6.01,액션,431310
협상,8.16,범죄,1967149
형,8.92,"코미디, 드라마",2982514
형사 DUELIST,8.5,"액션, 느와르",922680
호로비츠를 위하여,9.1,드라마,462623
혼숨,6.25,공포,288016
홀리데이,8.67,"범죄, 드라마",1257399
화려한 휴가,7.5,드라마,6855433
화산고,7.04,"액션, 코미디, 판타지","586,576"
화이: 괴물을 삼킨 아이,7.83,"액션, 스릴러",2394487
화차,9,미스터리,2436884
환절기,8.6,드라마,6605
황산벌,7.54,"코미디, 전쟁","2,771,236"
황제를 위하여,6.24,"액션, 느와르",591502
황진이,5.32,드라마,1191810
황해,7.89,"범죄, 스릴러",2260512
회사원,6.5,"액션, 드라마",1110523
효자동 이발사,7.49,"드라마, 코미디",748380
후궁: 제왕의 첩,6.89,"멜로/로맨스, 드라마",2636385
후아유,8.72,멜로/로맨스,"91,788"
희생부활자,6.62,"미스터리, 스릴러",323628
히말라야,8.67,드라마,7759711
히어로,6.16,"드라마, 코미디",23841
B급 며느리,9.03,다큐멘터리,20085
B형 남자친구,4.88,"멜로/로맨스, 코미디",1174581
GP506,7.04,미스터리,936945
H,6.65,"미스터리, 스릴러","90,000"
M,5.95,"미스터리, 멜로/로맨스",428717
O양의 아파트,10,드라마,"281,726"
R2B: 리턴 투 베이스,7.5,"액션, 드라마",1201944
S 다이어리,5.42,코미디,1098583
YMCA 야구단,7.16,"코미디, 드라마","560,000"
